{
  "best_metric": null,
  "best_model_checkpoint": null,
  "epoch": 5.0,
  "eval_steps": 500,
  "global_step": 2190,
  "is_hyper_param_search": false,
  "is_local_process_zero": true,
  "is_world_process_zero": true,
  "log_history": [
    {
      "epoch": 1.1415525114155252,
      "grad_norm": 0.0009913671528920531,
      "learning_rate": 3.8584474885844754e-05,
      "loss": 0.003,
      "step": 500
    },
    {
      "epoch": 2.2831050228310503,
      "grad_norm": 0.0009803446009755135,
      "learning_rate": 2.71689497716895e-05,
      "loss": 0.0022,
      "step": 1000
    },
    {
      "epoch": 3.4246575342465753,
      "grad_norm": 0.0012591099366545677,
      "learning_rate": 1.5753424657534248e-05,
      "loss": 0.0021,
      "step": 1500
    },
    {
      "epoch": 4.566210045662101,
      "grad_norm": 0.0011264183558523655,
      "learning_rate": 4.337899543378996e-06,
      "loss": 0.002,
      "step": 2000
    }
  ],
  "logging_steps": 500,
  "max_steps": 2190,
  "num_input_tokens_seen": 0,
  "num_train_epochs": 5,
  "save_steps": 10000,
  "stateful_callbacks": {
    "TrainerControl": {
      "args": {
        "should_epoch_stop": false,
        "should_evaluate": false,
        "should_log": false,
        "should_save": true,
        "should_training_stop": true
      },
      "attributes": {}
    }
  },
  "total_flos": 0.0,
  "train_batch_size": 8,
  "trial_name": null,
  "trial_params": null
}
